,categoria,marca,nome_prodotto,prezzo_effettivo,prezzo_ordinario,url_prodotto,modello,sport,colori
0,Scarpini Sportivi Under Armour,UNDER ARMOUR,CHARGED COMMIT TR 4 - Scarpe da allenamento - black,67.99,79.99,https://www.zalando.it/under-armour-charged-commit-tr-4-unisex-scarpe-da-allenamento-black-un242a0l9-q12.html,CHARGED COMMIT TR 4,Scarpe da allenamento,black
1,Scarpini Sportivi Under Armour,UNDER ARMOUR,REIGN 6 - Scarpe da allenamento - anthracite/black/steel,118.99,139.99,https://www.zalando.it/under-armour-tribase-reign-6-scarpe-da-allenamento-anthraciteblacksteel-un242a0lb-q13.html,REIGN 6,Scarpe da allenamento,anthracite/black/steel
2,Scarpini Sportivi Under Armour,UNDER ARMOUR,REIGN 6 - Scarpe da allenamento - black,139.99,139.99,https://www.zalando.it/under-armour-tribase-reign-6-scarpe-da-allenamento-black-un242a0lb-q11.html,REIGN 6,Scarpe da allenamento,black
3,Scarpini Sportivi Under Armour,UNDER ARMOUR,COURT 96 - Scarpe da allenamento - black,69.99,99.99,https://www.zalando.it/under-armour-sport-court-96-scarpe-da-allenamento-black-un242a0mk-q11.html,COURT 96,Scarpe da allenamento,black
4,Scarpini Sportivi Under Armour,UNDER ARMOUR,PHANTOM 4 UNISEX - Scarpe da corsa su strada - black,130.0,130.0,https://www.zalando.it/under-armour-scarpe-da-allenamento-black-un244a028-q12.html,PHANTOM 4 UNISEX,Scarpe da corsa su strada,black
5,Scarpini Sportivi Under Armour,UNDER ARMOUR,CHARGED SPEED SWIFT - Scarpe da allenamento - blk noir,98.0,98.0,https://www.zalando.it/under-armour-sneakers-basse-blk-noir-un244a03e-q11.html,CHARGED SPEED SWIFT,Scarpe da allenamento,blk noir
6,Scarpini Sportivi Under Armour,UNDER ARMOUR,APPARITION - Scarpe da allenamento - white,109.99,129.99,https://www.zalando.it/under-armour-hovr-apparition-scarpe-da-allenamento-white-un241a0ej-a11.html,APPARITION,Scarpe da allenamento,white
7,Scarpini Sportivi Under Armour,UNDER ARMOUR,CHARGED SURGE 4 - Scarpe da allenamento - bianco,60.0,60.0,https://www.zalando.it/under-armour-sneakers-basse-bianco-un242a0pc-a11.html,CHARGED SURGE 4,Scarpe da allenamento,bianco
8,Scarpini Sportivi Under Armour,UNDER ARMOUR,APPARITION - Scarpe da allenamento - white/castlerock/ares red,90.99,129.99,https://www.zalando.it/under-armour-hovr-apparition-unisex-scarpe-da-allenamento-whitecastlerockares-red-un244a02c-a12.html,APPARITION,Scarpe da allenamento,white/castlerock/ares red
9,Scarpini Sportivi Under Armour,UNDER ARMOUR,FAT TIRE VENTURE PRO UNISEX - Scarpe da allenamento - silica green summit white/metallic silver,97.99,139.99,https://www.zalando.it/under-armour-fat-tire-venture-pro-unisex-scarpe-da-allenamento-silica-green-summit-whitemetallic-silver-un242a0m7-m11.html,FAT TIRE VENTURE PRO UNISEX,Scarpe da allenamento,silica green summit white/metallic silver
10,Scarpini Sportivi Under Armour,UNDER ARMOUR,APPARITION - Scarpe da allenamento - hydro green,96.99,129.99,https://www.zalando.it/under-armour-hovr-apparition-unisex-scarpe-da-allenamento-hydro-green-un244a02e-m11.html,APPARITION,Scarpe da allenamento,hydro green
11,Scarpini Sportivi Under Armour,UNDER ARMOUR,APPARITION - Scarpe da allenamento - black/metallic black/castlerock,129.99,129.99,https://www.zalando.it/under-armour-hovr-apparition-unisex-scarpe-da-allenamento-blackmetallic-blackcastlerock-un244a02c-q11.html,APPARITION,Scarpe da allenamento,black/metallic black/castlerock
12,Scarpini Sportivi Under Armour,UNDER ARMOUR,REIGN 6 - Scarpe da allenamento - hydro green silica green black,139.99,139.99,https://www.zalando.it/under-armour-tribase-reign-sneakers-basse-hydro-green-silica-green-black-un242a0lb-m11.html,REIGN 6,Scarpe da allenamento,hydro green silica green black
13,Scarpini Sportivi Under Armour,UNDER ARMOUR,PHANTOM 4 UNISEX - Scarpe da corsa su strada - anthracite,130.0,130.0,https://www.zalando.it/under-armour-phantom-4-unisex-scarpe-da-corsa-su-strada-anthracite-un244a028-c13.html,PHANTOM 4 UNISEX,Scarpe da corsa su strada,anthracite
14,Scarpini Sportivi Under Armour,UNDER ARMOUR,CHARGED BANDIT TR 3 - Scarpe da corsa su strada - castlerock/anthracite/high vis yellow,90.0,90.0,https://www.zalando.it/under-armour-bandit-tr-3-scarpe-running-neutre-castlerockanthracitehigh-vis-yellow-un242a0lm-c11.html,CHARGED BANDIT TR 3,Scarpe da corsa su strada,castlerock/anthracite/high vis yellow
15,Scarpini Sportivi Under Armour,UNDER ARMOUR,CHARGED COMMIT TR 4 - Scarpe da allenamento - anthracite/steel/ether blue,72.49,84.99,https://www.zalando.it/under-armour-charged-commit-tr-4-scarpe-da-allenamento-anthracitesteelether-blue-un242a0l9-q13.html,CHARGED COMMIT TR 4,Scarpe da allenamento,anthracite/steel/ether blue
16,Scarpini Sportivi Under Armour,UNDER ARMOUR,INFINITE - Scarpe da corsa su strada - black,100.0,100.0,https://www.zalando.it/under-armour-infinite-scarpe-running-neutre-black-un242a0mg-q14.html,INFINITE,Scarpe da corsa su strada,black
17,Scarpini Sportivi Under Armour,UNDER ARMOUR,JET '23 - Scarpe da basket - black,67.99,84.99,https://www.zalando.it/under-armour-scarpe-da-basket-black-un242a0lg-q12.html,JET '23,Scarpe da basket,black
18,Scarpini Sportivi Under Armour,UNDER ARMOUR,CHARGED EDGE FITNESS - Scarpe da allenamento - blk gry noir,65.0,65.0,https://www.zalando.it/under-armour-sneakers-basse-blk-gry-noir-un215p008-q11.html,CHARGED EDGE FITNESS,Scarpe da allenamento,blk gry noir
19,Scarpini Sportivi Under Armour,UNDER ARMOUR,CHARGED BANDIT TR 3 - Scarpe da corsa su strada - downpour gray/harbor blue/hyper green,89.99,89.99,https://www.zalando.it/under-armour-charged-bandit-tr-3-scarpe-running-neutre-downpour-grayharbor-bluehyper-green-un242a0lm-c12.html,CHARGED BANDIT TR 3,Scarpe da corsa su strada,downpour gray/harbor blue/hyper green
20,Scarpini Sportivi Under Armour,UNDER ARMOUR,FAT TIRE VENTURE PRO UNISEX - Scarpe da allenamento - timberwolf taupe/federal tan/metallic silver,97.99,139.99,https://www.zalando.it/under-armour-fat-tire-venture-pro-unisex-scarpe-da-allenamento-timberwolf-taupefederal-tanmetallic-silver-un244a02z-b11.html,FAT TIRE VENTURE PRO UNISEX,Scarpe da allenamento,timberwolf taupe/federal tan/metallic silver
21,Scarpini Sportivi Under Armour,UNDER ARMOUR,VELOCITI 4 - Scarpe da corsa su strada - silica green,130.0,130.0,https://www.zalando.it/under-armour-scarpe-da-corsa-su-strada-silica-green-un242a0o5-m11.html,VELOCITI 4,Scarpe da corsa su strada,silica green
22,Scarpini Sportivi Under Armour,UNDER ARMOUR,CHARGED ROGUE - Scarpe da corsa su strada - schwarzweiss,109.99,109.99,https://www.zalando.it/under-armour-sneakers-basse-schwarzweiss-un212o005-q12.html,CHARGED ROGUE,Scarpe da corsa su strada,schwarzweiss
23,Scarpini Sportivi Under Armour,UNDER ARMOUR,INFINITE - Scarpe da corsa su strada - black/ares red,99.99,99.99,https://www.zalando.it/under-armour-infinite-scarpe-running-neutre-blackares-red-un242a0mg-q12.html,INFINITE,Scarpe da corsa su strada,black/ares red
24,Scarpini Sportivi Under Armour,UNDER ARMOUR,TECHNICAL PERFORMA HOVR SONIC - Scarpe da corsa su strada - black,146.0,146.0,https://www.zalando.it/under-armour-technical-performa-hovr-sonic-scarpe-da-corsa-stabili-black-un242a0ko-q14.html,TECHNICAL PERFORMA HOVR SONIC,Scarpe da corsa su strada,black
25,Scarpini Sportivi Under Armour,UNDER ARMOUR,CHARGED ROGUE 5 - Scarpe da corsa su strada - black,85.0,85.0,https://www.zalando.it/under-armour-scarpe-da-corsa-su-strada-black-un242a0ov-q11.html,CHARGED ROGUE 5,Scarpe da corsa su strada,black
26,Scarpini Sportivi Under Armour,UNDER ARMOUR,TURBULENCE 2 RS - Scarpe da corsa su strada - black,100.0,100.0,https://www.zalando.it/under-armour-technical-performa-hovr-turbulence-scarpe-da-corsa-stabili-black-un242a0ns-q11.html,TURBULENCE 2 RS,Scarpe da corsa su strada,black
27,Scarpini Sportivi Under Armour,UNDER ARMOUR,INFINITE PRO 2 - Scarpe da corsa su strada - white/hyper green/black,129.99,129.99,https://www.zalando.it/under-armour-infinite-pro-2-scarpe-running-neutre-whitehyper-greenblack-un242a0nd-a12.html,INFINITE PRO 2,Scarpe da corsa su strada,white/hyper green/black
28,Scarpini Sportivi Under Armour,UNDER ARMOUR,REIGN 6 - Scarpe da allenamento - white/distant gray/black,139.99,139.99,https://www.zalando.it/under-armour-tribase-reign-6-scarpe-da-allenamento-whitedistant-grayblack-un242a0lb-a11.html,REIGN 6,Scarpe da allenamento,white/distant gray/black
29,Scarpini Sportivi Under Armour,UNDER ARMOUR,CHARGED BANDIT TR 3 - Scarpe da trail running - black/castlerock/white,99.99,99.99,https://www.zalando.it/under-armour-charged-bandit-tr-3-scarpe-da-trail-running-blackcastlerockwhite-un242a0mi-q12.html,CHARGED BANDIT TR 3,Scarpe da trail running,black/castlerock/white
30,Scarpini Sportivi Under Armour,UNDER ARMOUR,CHARGED PURSUIT 4 - Scarpe da corsa su strada - black/white,69.99,69.99,https://www.zalando.it/under-armour-charged-pursuit-4-scarpe-da-corsa-su-strada-blackwhite-un242a0nb-q11.html,CHARGED PURSUIT 4,Scarpe da corsa su strada,black/white
31,Scarpini Sportivi Under Armour,UNDER ARMOUR,FUTR X ELITE - Scarpe da basket - andromeda purple,150.0,150.0,https://www.zalando.it/under-armour-sneakers-alte-andromeda-purple-un244a03j-i11.html,FUTR X ELITE,Scarpe da basket,andromeda purple
32,Scarpini Sportivi Under Armour,UNDER ARMOUR,LOCKER V - Ciabatte da mare - gray dawn,29.0,29.0,https://www.zalando.it/under-armour-locker-ciabatte-da-mare-gray-dawn-un212g004-c12.html,LOCKER V,Ciabatte da mare,gray dawn
33,Scarpini Sportivi Under Armour,UNDER ARMOUR,INFINITE MVMNT SE - Scarpe da allenamento - black,130.0,130.0,https://www.zalando.it/under-armour-infinite-se-scarpe-da-allenamento-black-un244a030-q11.html,INFINITE MVMNT SE,Scarpe da allenamento,black
34,Scarpini Sportivi Under Armour,UNDER ARMOUR,PHANTOM 4 UNISEX - Scarpe da corsa su strada - white/halo gray,129.99,129.99,https://www.zalando.it/under-armour-phantom-4-unisex-scarpe-da-allenamento-whitehalo-gray-un244a028-c11.html,PHANTOM 4 UNISEX,Scarpe da corsa su strada,white/halo gray
35,Scarpini Sportivi Under Armour,UNDER ARMOUR,CHARGED BANDIT TR 3 - Scarpe da corsa su strada - black/orange blast,89.99,89.99,https://www.zalando.it/under-armour-bandit-3-scarpe-running-neutre-blackorange-blast-un242a0lm-q11.html,CHARGED BANDIT TR 3,Scarpe da corsa su strada,black/orange blast
36,Scarpini Sportivi Under Armour,UNDER ARMOUR,APPARITION - Scarpe da allenamento - steel  ivory dune  metallic silver,129.99,129.99,https://www.zalando.it/under-armour-hovr-apparition-rtrftr-scarpe-da-allenamento-steel-ivory-dune-metallic-silver-un241a0ej-c11.html,APPARITION,Scarpe da allenamento,steel  ivory dune  metallic silver
37,Scarpini Sportivi Under Armour,UNDER ARMOUR,PHANTOM 4 UNISEX - Scarpe da corsa su strada - black,103.99,129.99,https://www.zalando.it/under-armour-phantom-4-unisex-scarpe-da-allenamento-black-un244a028-q11.html,PHANTOM 4 UNISEX,Scarpe da corsa su strada,black
38,Scarpini Sportivi Under Armour,UNDER ARMOUR,CHARGED PURSUIT 4 - Scarpe da corsa su strada - castlerock/anthracite/blaze orange,69.99,69.99,https://www.zalando.it/under-armour-ua-charged-pursuit-4-scarpe-da-corsa-su-strada-castlerockanthraciteblaze-orange-un242a0nb-c11.html,CHARGED PURSUIT 4,Scarpe da corsa su strada,castlerock/anthracite/blaze orange
39,Scarpini Sportivi Under Armour,UNDER ARMOUR,PHANTOM 4 UNISEX - Scarpe da corsa su strada - khaki base/white quartz/black,129.99,129.99,https://www.zalando.it/under-armour-phantom-4-unisex-scarpe-da-corsa-su-strada-khaki-basewhite-quartzblack-un244a028-n11.html,PHANTOM 4 UNISEX,Scarpe da corsa su strada,khaki base/white quartz/black
40,Scarpini Sportivi Under Armour,UNDER ARMOUR,VALSETZ - Scarpa da hiking - black,145.0,145.0,https://www.zalando.it/under-armour-scarpa-da-hiking-black-un242a0mz-q11.html,VALSETZ,Scarpa da hiking,black
41,Scarpini Sportivi Under Armour,UNDER ARMOUR,PROJECT ROCK - Scarpe da allenamento - baroque green/hyper green/black,159.99,159.99,https://www.zalando.it/under-armour-project-rock-scarpe-da-allenamento-baroque-greenhyper-greenblack-un242a0mj-q14.html,PROJECT ROCK,Scarpe da allenamento,baroque green/hyper green/black
42,Scarpini Sportivi Under Armour,UNDER ARMOUR,CHARGED BANDIT TR 3 - Scarpe da trail running - castlerock/steel/hyper green,99.99,99.99,https://www.zalando.it/under-armour-charged-bandit-tr-3-scarpe-da-trail-running-castlerocksteelhyper-green-un242a0mi-c12.html,CHARGED BANDIT TR 3,Scarpe da trail running,castlerock/steel/hyper green
43,Scarpini Sportivi Under Armour,UNDER ARMOUR,REIGN LIFTER UNISEX - Scarpe da allenamento - black/white,199.99,199.99,https://www.zalando.it/under-armour-reign-lifter-unisex-scarpe-da-allenamento-blackwhite-un244a02f-q11.html,REIGN LIFTER UNISEX,Scarpe da allenamento,black/white
44,Scarpini Sportivi Under Armour,UNDER ARMOUR,INFINITE MVMNT SE - Scarpe da allenamento - white/metallic silver,90.99,129.99,https://www.zalando.it/under-armour-infinite-se-unisex-scarpe-da-allenamento-whitemetallic-silver-un244a030-a11.html,INFINITE MVMNT SE,Scarpe da allenamento,white/metallic silver
45,Scarpini Sportivi Under Armour,UNDER ARMOUR,695 - Scarponi da montagna - black,130.0,130.0,https://www.zalando.it/under-armour-scarponi-da-montagna-black-un244a031-q11.html,695,Scarponi da montagna,black
46,Scarpini Sportivi Under Armour,UNDER ARMOUR,DYNAMIC 2 - Scarpe da allenamento - white,99.99,99.99,https://www.zalando.it/under-armour-dynamic-2-scarpe-da-allenamento-white-un242a0np-a11.html,DYNAMIC 2,Scarpe da allenamento,white
47,Scarpini Sportivi Under Armour,UNDER ARMOUR,REIGN 6 - Scarpe da allenamento - ivory dune,140.0,140.0,https://www.zalando.it/under-armour-tribase-reign-6-scarpe-da-allenamento-ivory-dune-un242a0lb-b11.html,REIGN 6,Scarpe da allenamento,ivory dune
48,Scarpini Sportivi Under Armour,UNDER ARMOUR,JET '23 - Scarpe da basket - black,60.0,60.0,https://www.zalando.it/under-armour-court-performance-ua-gs-jet-scarpe-da-basket-black-un243a04a-q11.html,JET '23,Scarpe da basket,black
49,Scarpini Sportivi Under Armour,UNDER ARMOUR,COURT 96 - Scarpe da allenamento - white,69.99,99.99,https://www.zalando.it/under-armour-sport-court-96-scarpe-da-allenamento-white-un242a0mk-a11.html,COURT 96,Scarpe da allenamento,white
50,Scarpini Sportivi Under Armour,UNDER ARMOUR,CURRY SPLASH - Scarpe da basket - black/gray void/white,109.99,109.99,https://www.zalando.it/under-armour-curry-splash-scarpe-da-basket-blackgray-voidwhite-un242a0nl-q11.html,CURRY SPLASH,Scarpe da basket,black/gray void/white
51,Scarpini Sportivi Under Armour,UNDER ARMOUR,INFINITE MVMNT SE - Scarpe da allenamento - white/white quartz/virtual violet,90.99,129.99,https://www.zalando.it/under-armour-infinite-se-unisex-scarpe-da-allenamento-whitewhite-quartzvirtual-violet-un244a030-a12.html,INFINITE MVMNT SE,Scarpe da allenamento,white/white quartz/virtual violet
52,Scarpini Sportivi Under Armour,UNDER ARMOUR,INFINITE - Scarpe da corsa su strada - mod gray,100.0,100.0,https://www.zalando.it/under-armour-infinite-scarpe-da-corsa-su-strada-mod-gray-un242a0mg-c11.html,INFINITE,Scarpe da corsa su strada,mod gray
53,Scarpini Sportivi Under Armour,UNDER ARMOUR,LOCKDOWN 7 LOW - Scarpe da basket - black/metallic gold,74.99,74.99,https://www.zalando.it/under-armour-lockdown-7-scarpe-da-basket-blackmetallic-gold-un242a0mn-q11.html,LOCKDOWN 7 LOW,Scarpe da basket,black/metallic gold
54,Scarpini Sportivi Under Armour,UNDER ARMOUR,IGNITE SELECT - Ciabatte da mare - black,28.0,28.0,https://www.zalando.it/under-armour-ignite-select-ciabatte-da-mare-black-un242b0bo-q13.html,IGNITE SELECT,Ciabatte da mare,black
55,Scarpini Sportivi Under Armour,UNDER ARMOUR,VELOCITI 4 SE - Scarpe da corsa su strada - black/anthracite/white,129.99,129.99,https://www.zalando.it/under-armour-velociti-4-se-scarpe-running-neutre-blackanthracitewhite-un242a0mh-q11.html,VELOCITI 4 SE,Scarpe da corsa su strada,black/anthracite/white
56,Scarpini Sportivi Under Armour,UNDER ARMOUR,VELOCITI 4 SE - Scarpe da corsa su strada - white/hyper green,129.99,129.99,https://www.zalando.it/under-armour-velociti-4-se-scarpe-da-corsa-su-strada-whitehyper-green-un242a0mh-a12.html,VELOCITI 4 SE,Scarpe da corsa su strada,white/hyper green
57,Scarpini Sportivi Under Armour,UNDER ARMOUR,LOCKDOWN 7 LOW - Scarpe da basket - midnight navy/electric blue/white,63.99,74.99,https://www.zalando.it/under-armour-lockdown-7-low-scarpe-da-basket-midnight-navyelectric-bluewhite-un242a0mn-k12.html,LOCKDOWN 7 LOW,Scarpe da basket,midnight navy/electric blue/white
58,Scarpini Sportivi Under Armour,UNDER ARMOUR,CHARGED PURSUIT 4 - Scarpe da corsa su strada - red,70.0,70.0,https://www.zalando.it/under-armour-scarpe-da-corsa-su-strada-red-un242a0os-g11.html,CHARGED PURSUIT 4,Scarpe da corsa su strada,red
59,Scarpini Sportivi Under Armour,UNDER ARMOUR,INFINITE PRO 2 - Scarpe da camminata - black,130.0,130.0,https://www.zalando.it/under-armour-scarpe-da-camminata-black-un242a0ou-q11.html,INFINITE PRO 2,Scarpe da camminata,black
60,Scarpini Sportivi Under Armour,UNDER ARMOUR,CURRY SPLASH 24 SDE - Scarpe da basket - white,110.0,110.0,https://www.zalando.it/under-armour-scarpe-da-basket-white-un244a035-a11.html,CURRY SPLASH 24 SDE,Scarpe da basket,white
61,Scarpini Sportivi Under Armour,UNDER ARMOUR,PHANTOM FORE - Scarpe da golf - white/halo gray,139.99,139.99,https://www.zalando.it/under-armour-phantom-fore-scarpe-da-golf-whitehalo-gray-un242a0nn-a11.html,PHANTOM FORE,Scarpe da golf,white/halo gray
62,Scarpini Sportivi Under Armour,UNDER ARMOUR,INFINITE PRO 2 - Scarpe da camminata - white,130.0,130.0,https://www.zalando.it/under-armour-scarpe-da-camminata-white-un242a0ou-a11.html,INFINITE PRO 2,Scarpe da camminata,white
63,Scarpini Sportivi Under Armour,UNDER ARMOUR,VELOCITI 4 SE - Scarpe da corsa su strada - black/anthracite/ares red,129.99,129.99,https://www.zalando.it/under-armour-velociti-4-se-scarpe-da-corsa-su-strada-blackanthraciteares-red-un242a0mh-q12.html,VELOCITI 4 SE,Scarpe da corsa su strada,black/anthracite/ares red
64,Scarpini Sportivi Under Armour,UNDER ARMOUR,MAGNETICO ELITE 4 - Scarpe da calcetto con tacchetti - silica green/high vis yellow,249.99,249.99,https://www.zalando.it/under-armour-magnetico-elite-4-scarpe-da-calcetto-con-tacchetti-silica-greenhigh-vis-yellow-un242a0nc-m11.html,MAGNETICO ELITE 4,Scarpe da calcetto con tacchetti,silica green/high vis yellow
65,Scarpini Sportivi Under Armour,UNDER ARMOUR,MAGNETICO PRO 4 - Scarpe da calcetto con tacchetti - silica green/high vis yellow,139.99,139.99,https://www.zalando.it/under-armour-magnetico-pro-4-scarpe-da-calcetto-con-tacchetti-silica-greenhigh-vis-yellow-un242a0ml-m11.html,MAGNETICO PRO 4,Scarpe da calcetto con tacchetti,silica green/high vis yellow
66,Scarpini Sportivi Under Armour,UNDER ARMOUR,INFINITE PRO 2 - Scarpe da camminata - silica green,130.0,130.0,https://www.zalando.it/under-armour-scarpe-da-camminata-silica-green-un242a0ou-m11.html,INFINITE PRO 2,Scarpe da camminata,silica green
67,Scarpini Sportivi Under Armour,UNDER ARMOUR,LOCKDOWN 7 - Scarpe da basket - black,75.0,75.0,https://www.zalando.it/under-armour-court-performance-lockdown-scarpe-da-basket-black-un244a02y-q12.html,LOCKDOWN 7,Scarpe da basket,black
68,Scarpini Sportivi Under Armour,UNDER ARMOUR,FLOW FUTR X ELITE UAA - Scarpe da basket - black,150.0,150.0,https://www.zalando.it/under-armour-sneakers-basse-black-un244a03k-q11.html,FLOW FUTR X ELITE UAA,Scarpe da basket,black
69,Scarpini Sportivi Under Armour,UNDER ARMOUR,LOCKDOWN 7 LOW - Scarpe da basket - red,75.0,75.0,https://www.zalando.it/under-armour-scarpe-da-basket-red-600-un244a034-g11.html,LOCKDOWN 7 LOW,Scarpe da basket,red
70,Scarpini Sportivi Under Armour,UNDER ARMOUR,REIGN LIFTER UNISEX - Scarpe da allenamento - downpour gray/midnight navy/hyper green,139.99,199.99,https://www.zalando.it/under-armour-reign-lifter-unisex-scarpe-da-allenamento-downpour-graymidnight-navyhyper-green-un244a02f-c11.html,REIGN LIFTER UNISEX,Scarpe da allenamento,downpour gray/midnight navy/hyper green
71,Scarpini Sportivi Under Armour,UNDER ARMOUR,FLOW FUTR X 4 - Scarpe da basket - andromeda purple/black/comet green,119.99,119.99,https://www.zalando.it/under-armour-flow-futr-x-4-scarpe-da-basket-andromeda-purpleblackcomet-green-un242a0nj-c11.html,FLOW FUTR X 4,Scarpe da basket,andromeda purple/black/comet green
72,Scarpini Sportivi Under Armour,UNDER ARMOUR,LOCKDOWN 7 - Scarpe da basket - red,75.0,75.0,https://www.zalando.it/under-armour-court-performance-lockdown-scarpe-da-basket-red-un244a02y-g11.html,LOCKDOWN 7,Scarpe da basket,red
73,Scarpini Sportivi Under Armour,UNDER ARMOUR,INFINITE - Scarpe da corsa su strada - white,99.99,99.99,https://www.zalando.it/under-armour-scarpe-running-neutre-white-un242a0mg-a12.html,INFINITE,Scarpe da corsa su strada,white
74,Scarpini Sportivi Under Armour,UNDER ARMOUR,JET '23 - Scarpe da basket - black,85.0,85.0,https://www.zalando.it/under-armour-scarpe-da-basket-black-un242a0lg-q11.html,JET '23,Scarpe da basket,black
75,Scarpini Sportivi Under Armour,UNDER ARMOUR,COURT PERFORMANCE FLOW FUTR X ELITE LUX - Scarpe da basket - black,89.97,150.0,https://www.zalando.it/under-armour-scarpe-da-basket-black-un242a0nr-q12.html,COURT PERFORMANCE FLOW FUTR X ELITE LUX,Scarpe da basket,black
76,Scarpini Sportivi Under Armour,UNDER ARMOUR,INFINITE PRO 2 - Scarpe da corsa su strada - white/electric blue/anthracite,129.99,129.99,https://www.zalando.it/under-armour-infinite-pro-2-scarpe-running-neutre-whiteelectric-blueanthracite-un242a0nd-a11.html,INFINITE PRO 2,Scarpe da corsa su strada,white/electric blue/anthracite
77,Scarpini Sportivi Under Armour,UNDER ARMOUR,MAGNETICO ELITE 4 - Scarpe da calcetto con tacchetti - ares red/stream,249.99,249.99,https://www.zalando.it/under-armour-magnetico-elite-4-fg-scarpe-da-calcetto-con-tacchetti-ares-redstream-un242a0nc-g11.html,MAGNETICO ELITE 4,Scarpe da calcetto con tacchetti,ares red/stream
78,Scarpini Sportivi Under Armour,UNDER ARMOUR,IGNITE SELECT - Ciabatte da mare - white,28.0,28.0,https://www.zalando.it/under-armour-ignite-select-ciabatte-da-mare-white-un242b0bo-a16.html,IGNITE SELECT,Ciabatte da mare,white
79,Scarpini Sportivi Under Armour,UNDER ARMOUR,MAGNETICO SELECT 4 FG - Scarpe da calcetto con tacchetti - silica green/high vis yellow,79.99,79.99,https://www.zalando.it/under-armour-magnetico-select-4-fg-scarpe-da-calcetto-con-tacchetti-silica-greenhigh-vis-yellow-un242a0mr-m11.html,MAGNETICO SELECT 4 FG,Scarpe da calcetto con tacchetti,silica green/high vis yellow
80,Scarpini Sportivi Under Armour,UNDER ARMOUR,MAGNETICO ELITE 4 FG - Scarpe da calcetto con tacchetti - black,209.96,249.95,https://www.zalando.it/under-armour-stivaletti-con-la-zeppa-black-un242a0nq-q11.html,MAGNETICO ELITE 4 FG,Scarpe da calcetto con tacchetti,black
81,Scarpini Sportivi Under Armour,UNDER ARMOUR,MAGNETICO SELECT 4 FG - Scarpe da calcetto con tacchetti - silica green/high vis yellow,79.99,79.99,https://www.zalando.it/under-armour-magnetico-select-4-fg-scarpe-da-calcetto-con-tacchetti-silica-greenhigh-vis-yellow-un242a0mr-m11.html,MAGNETICO SELECT 4 FG,Scarpe da calcetto con tacchetti,silica green/high vis yellow
82,Scarpini Sportivi Under Armour,UNDER ARMOUR,VISUAL CUSH FORGE UNISEX - Scarpe da corsa su strada - white,90.97,130.0,https://www.zalando.it/under-armour-sneakers-basse-white-un244a02o-a11.html,VISUAL CUSH FORGE UNISEX,Scarpe da corsa su strada,white
83,Scarpini Sportivi Under Armour,UNDER ARMOUR,INFINITE PRO 2 - Scarpe da corsa su strada - black/anthracite/white,129.99,129.99,https://www.zalando.it/under-armour-infinite-pro-2-scarpe-running-neutre-blackanthracitewhite-un242a0nd-q11.html,INFINITE PRO 2,Scarpe da corsa su strada,black/anthracite/white
84,Scarpini Sportivi Under Armour,UNDER ARMOUR,FLOW FUTR X UNISEX - Scarpe da basket - black/castlerock/blaze orange,119.99,119.99,https://www.zalando.it/under-armour-flow-futr-x-unisex-scarpe-da-basket-blackcastlerockblaze-orange-un242a0nk-q11.html,FLOW FUTR X UNISEX,Scarpe da basket,black/castlerock/blaze orange
85,Scarpini Sportivi Under Armour,UNDER ARMOUR,SPAWN 6 MID - Scarpe da basket - mod gray (100),120.0,120.0,https://www.zalando.it/under-armour-performance-spawn-scarpe-da-basket-mod-gray-100-un244a032-c11.html,SPAWN 6 MID,Scarpe da basket,mod gray (100)
86,Scarpini Sportivi Under Armour,UNDER ARMOUR,MAGNETICO ELITE 4 - Scarpe da calcetto con tacchetti - silica green/high vis yellow,249.99,249.99,https://www.zalando.it/under-armour-magnetico-elite-4-scarpe-da-calcetto-con-tacchetti-silica-greenhigh-vis-yellow-un242a0nc-m11.html,MAGNETICO ELITE 4,Scarpe da calcetto con tacchetti,silica green/high vis yellow
87,Scarpini Sportivi Under Armour,UNDER ARMOUR,APPARITION - Scarpe da allenamento - black/metallic black/castlerock,129.99,129.99,https://www.zalando.it/under-armour-hovr-apparition-unisex-scarpe-da-allenamento-blackmetallic-blackcastlerock-un244a02c-q11.html,APPARITION,Scarpe da allenamento,black/metallic black/castlerock
88,Scarpini Sportivi Under Armour,UNDER ARMOUR,FUTR X ELITE - Scarpe da basket - andromeda purple,150.0,150.0,https://www.zalando.it/under-armour-sneakers-alte-andromeda-purple-un244a03j-i11.html,FUTR X ELITE,Scarpe da basket,andromeda purple
89,Scarpini Sportivi Under Armour,UNDER ARMOUR,FAT TIRE VENTURE PRO UNISEX - Scarpe da allenamento - timberwolf taupe/federal tan/metallic silver,97.99,139.99,https://www.zalando.it/under-armour-fat-tire-venture-pro-unisex-scarpe-da-allenamento-timberwolf-taupefederal-tanmetallic-silver-un244a02z-b11.html,FAT TIRE VENTURE PRO UNISEX,Scarpe da allenamento,timberwolf taupe/federal tan/metallic silver
90,Scarpini Sportivi Under Armour,UNDER ARMOUR,COURT 96 - Scarpe da allenamento - black,69.99,99.99,https://www.zalando.it/under-armour-sport-court-96-scarpe-da-allenamento-black-un242a0mk-q11.html,COURT 96,Scarpe da allenamento,black
91,Scarpini Sportivi Under Armour,UNDER ARMOUR,IGNITE SELECT - Ciabatte da mare - white,28.0,28.0,https://www.zalando.it/under-armour-ignite-select-ciabatte-da-mare-white-un242b0bo-a16.html,IGNITE SELECT,Ciabatte da mare,white
92,Scarpini Sportivi Under Armour,UNDER ARMOUR,SPAWN 7 - Scarpe da basket - black/metallic gold,87.99,109.99,https://www.zalando.it/under-armour-spawn-7-scarpe-da-basket-blackmetallic-gold-un242a0nm-q11.html,SPAWN 7,Scarpe da basket,black/metallic gold
93,Scarpini Sportivi Under Armour,UNDER ARMOUR,CHARGED PURSUIT 4 - Scarpe da corsa su strada - black/white,69.99,69.99,https://www.zalando.it/under-armour-charged-pursuit-4-scarpe-da-corsa-su-strada-blackwhite-un242a0nb-q11.html,CHARGED PURSUIT 4,Scarpe da corsa su strada,black/white
94,Scarpini Sportivi Under Armour,UNDER ARMOUR,DYNAMIC 2 - Scarpe da allenamento - ether blue,100.0,100.0,https://www.zalando.it/under-armour-dynamic-scarpe-da-allenamento-ether-blue-un242a0np-k12.html,DYNAMIC 2,Scarpe da allenamento,ether blue
95,Scarpini Sportivi Under Armour,UNDER ARMOUR,MAGNETICO PRO 4 - Scarpe da calcetto con tacchetti - ares red/stream,83.99,139.99,https://www.zalando.it/under-armour-magnetico-pro-4-fg-scarpe-da-calcetto-con-tacchetti-ares-redstream-un242a0ml-g11.html,MAGNETICO PRO 4,Scarpe da calcetto con tacchetti,ares red/stream
96,Scarpini Sportivi Under Armour,UNDER ARMOUR,VELOCITI 4 - Scarpe da corsa su strada - halo gray,130.0,130.0,https://www.zalando.it/under-armour-scarpe-da-corsa-su-strada-halo-gray-un242a0o5-c12.html,VELOCITI 4,Scarpe da corsa su strada,halo gray
97,Scarpini Sportivi Under Armour,UNDER ARMOUR,INFINITE ELITE 2 - Scarpe da corsa su strada - electric blue/anthracite/stream,159.99,159.99,https://www.zalando.it/under-armour-infinite-elite-2-scarpe-running-neutre-electric-blueanthracitestream-un242a0n9-k11.html,INFINITE ELITE 2,Scarpe da corsa su strada,electric blue/anthracite/stream
98,Scarpini Sportivi Under Armour,UNDER ARMOUR,INFINITE ELITE 2 - Scarpe da corsa su strada - white,160.0,160.0,https://www.zalando.it/under-armour-infinite-elite-scarpe-da-corsa-su-strada-white-un242a0n9-a11.html,INFINITE ELITE 2,Scarpe da corsa su strada,white
99,Scarpini Sportivi Under Armour,UNDER ARMOUR,LOCKER V - Ciabatte da mare - academy,25.0,25.0,https://www.zalando.it/under-armour-ciabatte-da-mare-academy-un212g004-k11.html,LOCKER V,Ciabatte da mare,academy
100,Scarpini Sportivi Under Armour,UNDER ARMOUR,INFINITE PRO 2 - Scarpe da camminata - silica green,130.0,130.0,https://www.zalando.it/under-armour-scarpe-da-camminata-silica-green-un242a0ou-m11.html,INFINITE PRO 2,Scarpe da camminata,silica green
101,Scarpini Sportivi Under Armour,UNDER ARMOUR,MAGNETICO SELECT 4 FG - Scarpe da calcetto con tacchetti - ares red/ares red/stream,51.99,79.99,https://www.zalando.it/under-armour-magnetico-select-4-fg-scarpe-da-calcetto-con-tacchetti-ares-redares-redstream-un242a0mr-g11.html,MAGNETICO SELECT 4 FG,Scarpe da calcetto con tacchetti,ares red/ares red/stream
102,Scarpini Sportivi Under Armour,UNDER ARMOUR,VALSETZ MID - Stivali da neve  - black,140.0,140.0,https://www.zalando.it/under-armour-protection-charged-valsetz-mid-stivali-da-neve-black-un242c00f-q11.html,VALSETZ MID,Stivali da neve,black
103,Scarpini Sportivi Under Armour,UNDER ARMOUR,UA SPAWN - Scarpe da basket - wht/black/mgo,85.0,110.0,https://www.zalando.it/under-armour-unisex-scarpe-da-basket-weiss-grau-un244a01w-a12.html,UA SPAWN,Scarpe da basket,wht/black/mgo
104,Scarpini Sportivi Under Armour,UNDER ARMOUR,INFINITE PRO 2 - Scarpe da camminata - black,130.0,130.0,https://www.zalando.it/under-armour-scarpe-da-camminata-black-un242a0ou-q11.html,INFINITE PRO 2,Scarpe da camminata,black
105,Scarpini Sportivi Under Armour,UNDER ARMOUR,LOCKDOWN 7 LOW - Scarpe da basket - red,75.0,75.0,https://www.zalando.it/under-armour-scarpe-da-basket-red-600-un244a034-g11.html,LOCKDOWN 7 LOW,Scarpe da basket,red
106,Scarpini Sportivi Under Armour,UNDER ARMOUR,TECHNICAL PERFORMA HOVR SONIC - Scarpe da corsa su strada - black,146.0,146.0,https://www.zalando.it/under-armour-technical-performa-hovr-sonic-scarpe-da-corsa-stabili-black-un242a0ko-q14.html,TECHNICAL PERFORMA HOVR SONIC,Scarpe da corsa su strada,black
107,Scarpini Sportivi Under Armour,UNDER ARMOUR,LOCKER V - Ciabatte da mare - gray dawn,29.0,29.0,https://www.zalando.it/under-armour-locker-ciabatte-da-mare-gray-dawn-un212g004-c12.html,LOCKER V,Ciabatte da mare,gray dawn
108,Scarpini Sportivi Under Armour,UNDER ARMOUR,CHARGED PURSUIT 4 - Scarpe da corsa su strada - red,70.0,70.0,https://www.zalando.it/under-armour-scarpe-da-corsa-su-strada-red-un242a0os-g11.html,CHARGED PURSUIT 4,Scarpe da corsa su strada,red
109,Scarpini Sportivi Under Armour,UNDER ARMOUR,CHARGED ROGUE 5 - Scarpe da corsa su strada - black,85.0,85.0,https://www.zalando.it/under-armour-scarpe-da-corsa-su-strada-black-un242a0ov-q12.html,CHARGED ROGUE 5,Scarpe da corsa su strada,black
110,Scarpini Sportivi Under Armour,UNDER ARMOUR,INFINITE PRO RUN ANYWHERE - Scarpe da corsa su strada - black,90.97,130.0,https://www.zalando.it/under-armour-scarpe-running-neutre-black-un242a0nf-q11.html,INFINITE PRO RUN ANYWHERE,Scarpe da corsa su strada,black
111,Scarpini Sportivi Under Armour,UNDER ARMOUR,CLONE MAGNETICO PRO3.0 FG - Scarpe da calcetto con tacchetti - white,109.17,129.95,https://www.zalando.it/under-armour-clone-magnetico-pro30-fg-scarpe-da-calcetto-con-tacchetti-white-un242a0ls-a11.html,CLONE MAGNETICO PRO3.0 FG,Scarpe da calcetto con tacchetti,white
112,Scarpini Sportivi Under Armour,UNDER ARMOUR,VELOCITI 4 SE - Scarpe da corsa su strada - white/hyper green,129.99,129.99,https://www.zalando.it/under-armour-velociti-4-se-scarpe-da-corsa-su-strada-whitehyper-green-un242a0mh-a12.html,VELOCITI 4 SE,Scarpe da corsa su strada,white/hyper green
113,Scarpini Sportivi Under Armour,UNDER ARMOUR,Scarpe da corsa su strada - phoenix fire-high-vis yellow-black,160.0,160.0,https://www.zalando.it/under-armour-scarpe-running-neutre-phoenix-fire-high-vis-yellow-black-un242a0kf-h11.html,Scarpe da corsa su strada,phoenix fire,high-vis yellow-black
114,Scarpini Sportivi Under Armour,UNDER ARMOUR,SLIPSPEED MEGA FADE - Scarpe da corsa su strada - black,150.0,150.0,https://www.zalando.it/under-armour-technical-performa-slipspeed-mega-fade-scarpe-da-allenamento-black-un215p004-q11.html,SLIPSPEED MEGA FADE,Scarpe da corsa su strada,black
115,Scarpini Sportivi Under Armour,UNDER ARMOUR,REIGN LIFTER UNISEX - Scarpe da allenamento - black/white,199.99,199.99,https://www.zalando.it/under-armour-reign-lifter-unisex-scarpe-da-allenamento-blackwhite-un244a02f-q11.html,REIGN LIFTER UNISEX,Scarpe da allenamento,black/white
116,Scarpini Sportivi Under Armour,UNDER ARMOUR,CHARGED PURSUIT 4 - Scarpe da corsa su strada - castlerock/anthracite/blaze orange,69.99,69.99,https://www.zalando.it/under-armour-ua-charged-pursuit-4-scarpe-da-corsa-su-strada-castlerockanthraciteblaze-orange-un242a0nb-c11.html,CHARGED PURSUIT 4,Scarpe da corsa su strada,castlerock/anthracite/blaze orange
117,Scarpini Sportivi Under Armour,UNDER ARMOUR,PHANTOM FORE - Scarpe da golf - mod gray,140.0,140.0,https://www.zalando.it/under-armour-scarponi-da-trekking-mod-gray-un212p002-c11.html,PHANTOM FORE,Scarpe da golf,mod gray
118,Scarpini Sportivi Under Armour,UNDER ARMOUR,FLOW FUTR X ELITE UAA - Scarpe da basket - black,150.0,150.0,https://www.zalando.it/under-armour-sneakers-basse-black-un244a03k-q11.html,FLOW FUTR X ELITE UAA,Scarpe da basket,black
119,Scarpini Sportivi Under Armour,UNDER ARMOUR,CHARGED SPEED SWIFT - Scarpe da allenamento - blk noir,98.0,98.0,https://www.zalando.it/under-armour-sneakers-basse-blk-noir-un244a03e-q11.html,CHARGED SPEED SWIFT,Scarpe da allenamento,blk noir
120,Scarpini Sportivi Under Armour,UNDER ARMOUR,PHANTOM FORE - Scarpe da golf - white/halo gray,139.99,139.99,https://www.zalando.it/under-armour-phantom-fore-scarpe-da-golf-whitehalo-gray-un242a0nn-a11.html,PHANTOM FORE,Scarpe da golf,white/halo gray
121,Scarpini Sportivi Under Armour,UNDER ARMOUR,CHARGED ROGUE - Scarpe da camminata - bianco,85.0,85.0,https://www.zalando.it/under-armour-sneakers-basse-bianco-un242a0pb-a11.html,CHARGED ROGUE,Scarpe da camminata,bianco
122,Scarpini Sportivi Under Armour,UNDER ARMOUR,SONIC 7 - Scarpe da camminata - black,120.0,120.0,https://www.zalando.it/under-armour-scarpe-da-camminata-black-un242a0oq-q11.html,SONIC 7,Scarpe da camminata,black
123,Scarpini Sportivi Under Armour,UNDER ARMOUR,INFINITE PRO 2 - Scarpe da corsa su strada - white/electric blue/anthracite,129.99,129.99,https://www.zalando.it/under-armour-infinite-pro-2-scarpe-running-neutre-whiteelectric-blueanthracite-un242a0nd-a11.html,INFINITE PRO 2,Scarpe da corsa su strada,white/electric blue/anthracite
124,Scarpini Sportivi Under Armour,UNDER ARMOUR,DYNAMIC 2 - Scarpe da allenamento - silica green,99.99,99.99,https://www.zalando.it/under-armour-dynamic-2-scarpe-da-allenamento-silica-green-un242a0np-m11.html,DYNAMIC 2,Scarpe da allenamento,silica green
125,Scarpini Sportivi Under Armour,UNDER ARMOUR,SPEEDFORM GEMINI - Scarpe da corsa su strada - black,130.0,130.0,https://www.zalando.it/under-armour-sneakers-basse-black-un244a03b-q11.html,SPEEDFORM GEMINI,Scarpe da corsa su strada,black
126,Scarpini Sportivi Under Armour,UNDER ARMOUR,SONIC 7 - Scarpe da camminata - white,120.0,120.0,https://www.zalando.it/under-armour-scarpe-da-camminata-white-un242a0oq-a11.html,SONIC 7,Scarpe da camminata,white
127,Scarpini Sportivi Under Armour,UNDER ARMOUR,INFINITE ELITE 2 - Scarpe da corsa su strada - halo gray,160.0,160.0,https://www.zalando.it/under-armour-infinite-elite-2-scarpe-da-corsa-su-strada-halo-gray-un242a0n9-c11.html,INFINITE ELITE 2,Scarpe da corsa su strada,halo gray
128,Scarpini Sportivi Under Armour,UNDER ARMOUR,CHARGED PURSUIT 4 - Scarpe da corsa su strada - black,69.99,69.99,https://www.zalando.it/under-armour-charged-pursuit-4-scarpe-da-corsa-su-strada-black-un242a0nb-q12.html,CHARGED PURSUIT 4,Scarpe da corsa su strada,black
129,Scarpini Sportivi Under Armour,UNDER ARMOUR,INFINITE ELITE 2 - Scarpe da corsa su strada - black,160.0,160.0,https://www.zalando.it/under-armour-infinite-elite-scarpe-da-corsa-su-strada-black-un242a0n9-q11.html,INFINITE ELITE 2,Scarpe da corsa su strada,black
130,Scarpini Sportivi Under Armour,UNDER ARMOUR,CHARGED ROGUE 5 - Scarpe da corsa su strada - black/white,84.99,84.99,https://www.zalando.it/under-armour-charged-rogue-5-scarpe-da-corsa-su-strada-blackwhite-un242a0ne-q11.html,CHARGED ROGUE 5,Scarpe da corsa su strada,black/white
131,Scarpini Sportivi Under Armour,UNDER ARMOUR,FLOW FUTR X - Scarpe da basket - white,96.0,120.0,https://www.zalando.it/under-armour-sneakers-basse-white-un215o004-a11.html,FLOW FUTR X,Scarpe da basket,white
132,Scarpini Sportivi Under Armour,UNDER ARMOUR,VALSETZ - Scarpa da hiking - black,145.0,145.0,https://www.zalando.it/under-armour-scarpa-da-hiking-black-un242a0mz-q11.html,VALSETZ,Scarpa da hiking,black
133,Scarpini Sportivi Under Armour,UNDER ARMOUR,CHARGED BREEZE 2 - Scarpe da corsa su strada - black jet gray white,80.06,89.95,https://www.zalando.it/under-armour-scarpe-running-neutre-black-jet-gray-white-un242a0l8-q11.html,CHARGED BREEZE 2,Scarpe da corsa su strada,black jet gray white
134,Scarpini Sportivi Under Armour,UNDER ARMOUR,SHADOW ELITE - Scarpe da calcetto con tacchetti - black/ares red/metallic gun metal,229.95,229.95,https://www.zalando.it/under-armour-shadow-elite-3-fg-scarpe-da-calcetto-con-tacchetti-blackares-redmetallic-gun-metal-un242a0na-q11.html,SHADOW ELITE,Scarpe da calcetto con tacchetti,black/ares red/metallic gun metal
135,Scarpini Sportivi Under Armour,UNDER ARMOUR,INFINITE PRO 2 - Scarpe da camminata - white,130.0,130.0,https://www.zalando.it/under-armour-scarpe-da-camminata-white-un242a0ou-a11.html,INFINITE PRO 2,Scarpe da camminata,white
136,Scarpini Sportivi Under Armour,UNDER ARMOUR,CLONE MAGNETICO PRO3.0 FG - Scarpe da calcetto con tacchetti - black,109.17,129.95,https://www.zalando.it/under-armour-clone-magnetico-pro30-fg-scarpe-da-calcetto-con-tacchetti-black-un242a0ls-q11.html,CLONE MAGNETICO PRO3.0 FG,Scarpe da calcetto con tacchetti,black
137,Scarpini Sportivi Under Armour,UNDER ARMOUR,INFINITE ELITE 2 - Scarpe da corsa su strada - ares red/castlerock/black,159.99,159.99,https://www.zalando.it/under-armour-infinite-elite-2-scarpe-da-corsa-su-strada-ares-redcastlerockblack-un242a0n9-g11.html,INFINITE ELITE 2,Scarpe da corsa su strada,ares red/castlerock/black
138,Scarpini Sportivi Under Armour,UNDER ARMOUR,MAGNETICO ELITE 4 - Scarpe da calcetto con tacchetti - ares red/stream,249.99,249.99,https://www.zalando.it/under-armour-magnetico-elite-4-fg-scarpe-da-calcetto-con-tacchetti-ares-redstream-un242a0nc-g11.html,MAGNETICO ELITE 4,Scarpe da calcetto con tacchetti,ares red/stream
139,Scarpini Sportivi Under Armour,UNDER ARMOUR,SONIC 7 - Scarpe da camminata - halo gray,120.0,120.0,https://www.zalando.it/under-armour-scarpe-da-camminata-halo-gray-un242a0oq-c11.html,SONIC 7,Scarpe da camminata,halo gray
140,Scarpini Sportivi Under Armour,UNDER ARMOUR,COURT 96 - Scarpe da allenamento - white,100.0,100.0,https://www.zalando.it/under-armour-court-scarpe-da-allenamento-white-un242a0mk-a12.html,COURT 96,Scarpe da allenamento,white
141,Scarpini Sportivi Under Armour,UNDER ARMOUR,MAGNETICO ELITE 4 FG - Scarpe da calcetto con tacchetti - black,209.96,249.95,https://www.zalando.it/under-armour-stivaletti-con-la-zeppa-black-un242a0nq-q11.html,MAGNETICO ELITE 4 FG,Scarpe da calcetto con tacchetti,black
142,Scarpini Sportivi Under Armour,UNDER ARMOUR,MAGNETICO PRO 4 - Scarpe da calcetto con tacchetti - silica green/high vis yellow,139.99,139.99,https://www.zalando.it/under-armour-magnetico-pro-4-scarpe-da-calcetto-con-tacchetti-silica-greenhigh-vis-yellow-un242a0ml-m11.html,MAGNETICO PRO 4,Scarpe da calcetto con tacchetti,silica green/high vis yellow
143,Scarpini Sportivi Under Armour,UNDER ARMOUR,LOCKDOWN 7 - Scarpe da basket - black,71.91,79.9,https://www.zalando.it/under-armour-performance-lockdown-scarpe-da-basket-black-un244a02y-q13.html,LOCKDOWN 7,Scarpe da basket,black
144,Scarpini Sportivi Under Armour,UNDER ARMOUR,COURT 96 - Scarpe da allenamento - white,69.99,99.99,https://www.zalando.it/under-armour-sport-court-96-scarpe-da-allenamento-white-un242a0mk-a11.html,COURT 96,Scarpe da allenamento,white
145,Scarpini Sportivi Under Armour,UNDER ARMOUR,SPEEDFORM GEMINI - Scarpe da corsa su strada - white,130.0,130.0,https://www.zalando.it/under-armour-scarpe-da-allenamento-white-un244a03b-a11.html,SPEEDFORM GEMINI,Scarpe da corsa su strada,white
146,Scarpini Sportivi Under Armour,UNDER ARMOUR,LOCKDOWN 7 - Scarpe da basket - black,90.9,90.9,https://www.zalando.it/under-armour-performance-lockdown-scarpe-da-basket-black-un244a02y-q14.html,LOCKDOWN 7,Scarpe da basket,black
147,Scarpini Sportivi Under Armour,UNDER ARMOUR,695 - Scarponi da montagna - black,130.0,130.0,https://www.zalando.it/under-armour-scarponi-da-montagna-black-un244a031-q11.html,695,Scarponi da montagna,black
148,Scarpini Sportivi Under Armour,UNDER ARMOUR,MAGNETICO ELITE 3 FG - Scarpe da calcio con tacchetti - purple,209.97,249.95,https://www.zalando.it/under-armour-magnetico-elite-3-fg-scarpe-da-calcio-con-tacchetti-purple-un244a02u-i11.html,MAGNETICO ELITE 3 FG,Scarpe da calcio con tacchetti,purple
149,Scarpini Sportivi Under Armour,UNDER ARMOUR,INFINITE - Scarpe da corsa su strada - white/midnight navy,79.97,100.0,https://www.zalando.it/under-armour-infinite-scarpe-running-neutre-whitemidnight-navy-un242a0mg-a11.html,INFINITE,Scarpe da corsa su strada,white/midnight navy
150,Scarpini Sportivi Under Armour,UNDER ARMOUR,CHARGED BANDIT TR 3 - Scarpe da trail running - castlerock/anthracite/horizon blue,79.97,100.0,https://www.zalando.it/under-armour-charged-bandit-tr-3-scarpe-da-trail-running-castlerockanthracitehorizon-blue-un242a0mi-c11.html,CHARGED BANDIT TR 3,Scarpe da trail running,castlerock/anthracite/horizon blue
151,Scarpini Sportivi Under Armour,UNDER ARMOUR,CHARGED BANDIT TR 3 - Scarpe da trail running - black/anthracite/morph green,59.99,99.99,https://www.zalando.it/under-armour-scarpe-da-trail-running-blackanthracitemorph-green-un242a0mi-q13.html,CHARGED BANDIT TR 3,Scarpe da trail running,black/anthracite/morph green
152,Scarpini Sportivi Under Armour,UNDER ARMOUR,FAT TIRE VENTURE PRO UNISEX - Scarpe da allenamento - black/white,69.99,139.99,https://www.zalando.it/under-armour-fat-tire-venture-pro-scarpe-da-allenamento-blackwhite-un242a0m7-q11.html,FAT TIRE VENTURE PRO UNISEX,Scarpe da allenamento,black/white
153,Scarpini Sportivi Under Armour,UNDER ARMOUR,VELOCITI 4 - Scarpe da corsa su strada - halo gray,77.97,130.0,https://www.zalando.it/under-armour-scarpe-running-neutre-halo-gray-un242a0o5-c11.html,VELOCITI 4,Scarpe da corsa su strada,halo gray
154,Scarpini Sportivi Under Armour,UNDER ARMOUR,LOCKDOWN 7 - Scarpe da basket - white,75.0,75.0,https://www.zalando.it/under-armour-performance-lockdown-scarpe-da-basket-white-un244a02y-a11.html,LOCKDOWN 7,Scarpe da basket,white
155,Scarpini Sportivi Under Armour,UNDER ARMOUR,INFINITE PRO - Scarpe da corsa su strada - cardinal,77.97,130.0,https://www.zalando.it/under-armour-infinite-pro-scarpe-running-neutre-cardinal-un242a0ld-g11.html,INFINITE PRO,Scarpe da corsa su strada,cardinal
156,Scarpini Sportivi Under Armour,UNDER ARMOUR,FLOW FUTR X 4 - Scarpe da basket - black/white,101.99,119.99,https://www.zalando.it/under-armour-scarpe-da-basket-blackwhite-un242a0mp-q11.html,FLOW FUTR X 4,Scarpe da basket,black/white
157,Scarpini Sportivi Under Armour,UNDER ARMOUR,CURRY 11 MOUTHGUARD - Scarpe da basket - sky blue,170.0,170.0,https://www.zalando.it/under-armour-scarpe-da-basket-sky-blue-un244a02w-k11.html,CURRY 11 MOUTHGUARD,Scarpe da basket,sky blue
158,Scarpini Sportivi Under Armour,UNDER ARMOUR,JET '23 - Scarpe da basket - black,52.0,65.0,https://www.zalando.it/under-armour-performance-gs-jet-23-scarpe-da-basket-black-un243a04a-q13.html,JET '23,Scarpe da basket,black
159,Scarpini Sportivi Under Armour,UNDER ARMOUR,INFINITE PRO - Scarpe da corsa su strada - summit white,77.97,130.0,https://www.zalando.it/under-armour-infinite-pro-scarpe-running-neutre-summit-white-un242a0ld-a13.html,INFINITE PRO,Scarpe da corsa su strada,summit white
160,Scarpini Sportivi Under Armour,UNDER ARMOUR,APPARITION - Scarpe da allenamento - coyote/coyote brown/black,64.99,129.99,https://www.zalando.it/under-armour-hovr-apparition-unisex-scarpe-da-allenamento-coyotecoyote-brownblack-un244a02e-o11.html,APPARITION,Scarpe da allenamento,coyote/coyote brown/black
161,Scarpini Sportivi Under Armour,UNDER ARMOUR,INFINITE PRO - Scarpe da corsa su strada - cardinal,77.97,130.0,https://www.zalando.it/under-armour-infinite-pro-scarpe-running-neutre-cardinal-un242a0ld-g11.html,INFINITE PRO,Scarpe da corsa su strada,cardinal
162,Scarpini Sportivi Under Armour,UNDER ARMOUR,CHARGED BANDIT TR 3 - Scarpe da trail running - castlerock/anthracite/horizon blue,79.97,100.0,https://www.zalando.it/under-armour-charged-bandit-tr-3-scarpe-da-trail-running-castlerockanthracitehorizon-blue-un242a0mi-c11.html,CHARGED BANDIT TR 3,Scarpe da trail running,castlerock/anthracite/horizon blue
163,Scarpini Sportivi Under Armour,UNDER ARMOUR,CURRY - Scarpe da basket - white l,150.0,150.0,https://www.zalando.it/under-armour-sneakers-basse-white-l-un215o006-a11.html,CURRY,Scarpe da basket,white l
164,Scarpini Sportivi Under Armour,UNDER ARMOUR,APPARITION - Scarpe da allenamento - coyote/coyote brown/black,64.99,129.99,https://www.zalando.it/under-armour-hovr-apparition-unisex-scarpe-da-allenamento-coyotecoyote-brownblack-un244a02e-o11.html,APPARITION,Scarpe da allenamento,coyote/coyote brown/black
165,Scarpini Sportivi Under Armour,UNDER ARMOUR,JET '23 - Scarpe da basket - black,52.0,65.0,https://www.zalando.it/under-armour-performance-gs-jet-23-scarpe-da-basket-black-un243a04a-q13.html,JET '23,Scarpe da basket,black
166,Scarpini Sportivi Under Armour,UNDER ARMOUR,LOCKDOWN 7 - Scarpe da basket - white,75.0,75.0,https://www.zalando.it/under-armour-performance-lockdown-scarpe-da-basket-white-un244a02y-a11.html,LOCKDOWN 7,Scarpe da basket,white
167,Scarpini Sportivi Under Armour,UNDER ARMOUR,PERFORMANCE SPAWN 6 CAMO - Scarpe da basket - silt,69.97,100.0,https://www.zalando.it/under-armour-performance-spawn-scarpe-da-basket-silt-un241a0e5-b11.html,PERFORMANCE SPAWN 6 CAMO,Scarpe da basket,silt
168,Scarpini Sportivi Under Armour,UNDER ARMOUR,CHARGED PURSUIT 3 - Scarpe da corsa su strada - white,65.0,65.0,https://www.zalando.it/under-armour-charged-pursuit-3-scarpe-running-neutre-white-un242a0i3-a12.html,CHARGED PURSUIT 3,Scarpe da corsa su strada,white
169,Scarpini Sportivi Under Armour,UNDER ARMOUR,UNISEX  - Scarpe da allenamento - black,89.97,150.0,https://www.zalando.it/under-armour-sneakers-basse-black-un244a02j-q11.html,UNISEX,Scarpe da allenamento,black
170,Scarpini Sportivi Under Armour,UNDER ARMOUR,SHADOW ELITE 2.0 FG - Scarpe da calcetto con tacchetti - black/castlerock/halo gray,193.17,229.95,https://www.zalando.it/under-armour-shadow-elite-20-fg-scarpe-da-calcetto-con-tacchetti-blackcastlerockhalo-gray-un242a0lp-q11.html,SHADOW ELITE 2.0 FG,Scarpe da calcetto con tacchetti,black/castlerock/halo gray
171,Scarpini Sportivi Under Armour,UNDER ARMOUR,PHANTOM 4 STORM - Scarpe da allenamento - distant gray/white/black,126.99,149.99,https://www.zalando.it/under-armour-phantom-4-storm-scarpe-da-allenamento-distant-graywhiteblack-un244a02h-c11.html,PHANTOM 4 STORM,Scarpe da allenamento,distant gray/white/black
172,Scarpini Sportivi Under Armour,UNDER ARMOUR,CLONE MAGNETICO PRO3.0 FG - Scarpe da calcetto con tacchetti - celeste,109.16,129.95,https://www.zalando.it/under-armour-clone-magnetico-pro-scarpe-da-calcetto-con-tacchetti-celeste-un242a0ls-k11.html,CLONE MAGNETICO PRO3.0 FG,Scarpe da calcetto con tacchetti,celeste
173,Scarpini Sportivi Under Armour,UNDER ARMOUR,COURT PERFORMANCE FLOW FUTR X ELITE LUX - Scarpe da basket - black (001),89.97,150.0,https://www.zalando.it/under-armour-court-performance-scarpe-da-basket-black-001-un242a0nr-q11.html,COURT PERFORMANCE FLOW FUTR X ELITE LUX,Scarpe da basket,black (001)
174,Scarpini Sportivi Under Armour,UNDER ARMOUR,CURRY 4 FLOTRO - Scarpe da basket - black,140.0,140.0,https://www.zalando.it/under-armour-curry-flotro-scarpe-da-basket-black-un244a02q-q11.html,CURRY 4 FLOTRO,Scarpe da basket,black
175,Scarpini Sportivi Under Armour,UNDER ARMOUR,SHADOW TURF 2.0 - Scarpe da calcetto con tacchetti - hornet/golden yellow/clay green,43.99,79.99,https://www.zalando.it/under-armour-shadow-turf-20-scarpe-da-calcetto-con-tacchetti-hornetgolden-yellowclay-green-un242a0lq-e11.html,SHADOW TURF 2.0,Scarpe da calcetto con tacchetti,hornet/golden yellow/clay green
176,Scarpini Sportivi Under Armour,UNDER ARMOUR,CURRY 11 MOUTHGUARD - Scarpe da basket - sky blue,170.0,170.0,https://www.zalando.it/under-armour-scarpe-da-basket-sky-blue-un244a02w-k11.html,CURRY 11 MOUTHGUARD,Scarpe da basket,sky blue
177,Scarpini Sportivi Under Armour,UNDER ARMOUR,MAGNETICO SELECT 4 FG - Scarpe da calcetto con tacchetti - taxi/black,43.99,79.99,https://www.zalando.it/under-armour-magnetico-select-4-fg-scarpe-da-calcetto-con-tacchetti-taxiblack-un242a0mr-e11.html,MAGNETICO SELECT 4 FG,Scarpe da calcetto con tacchetti,taxi/black
178,Scarpini Sportivi Under Armour,UNDER ARMOUR,LOCKDOWN 7 - Scarpe da basket - red,75.0,75.0,https://www.zalando.it/under-armour-performance-lockdown-scarpe-da-basket-red-un244a02y-g12.html,LOCKDOWN 7,Scarpe da basket,red
179,Scarpini Sportivi Under Armour,UNDER ARMOUR,JET '23 - Scarpe da basket - gray,56.0,80.0,https://www.zalando.it/under-armour-jet-23-scarpe-da-basket-gray-un242a0lg-c11.html,JET '23,Scarpe da basket,gray
180,Scarpini Sportivi Under Armour,UNDER ARMOUR,CHARGED DRAW 2 - Scarpe da golf - halo gray,107.97,120.0,https://www.zalando.it/under-armour-under-armour-sneaker-scarpe-da-golf-halo-gray-un212o00c-c11.html,CHARGED DRAW 2,Scarpe da golf,halo gray
181,Scarpini Sportivi Under Armour,UNDER ARMOUR,CURRY CHAMPION MINDSET - Scarpe da basket - lemon ice,149.0,170.0,https://www.zalando.it/under-armour-scarpe-da-basket-lemon-ice-un244a02g-m11.html,CURRY CHAMPION MINDSET,Scarpe da basket,lemon ice
182,Scarpini Sportivi Under Armour,UNDER ARMOUR,LOCKDOWN 7 - Scarpe da basket - black,90.9,90.9,https://www.zalando.it/under-armour-court-performance-lockdown-scarpe-da-basket-black-un244a02y-q11.html,LOCKDOWN 7,Scarpe da basket,black
183,Scarpini Sportivi Under Armour,UNDER ARMOUR,FLOW FUTR X 4 - Scarpe da basket - black/white,101.99,119.99,https://www.zalando.it/under-armour-scarpe-da-basket-blackwhite-un242a0mp-q11.html,FLOW FUTR X 4,Scarpe da basket,black/white
184,Scarpini Sportivi Under Armour,UNDER ARMOUR,Scarpe da corsa su strada - black anthracite castlerock,95.97,160.0,https://www.zalando.it/under-armour-scarpe-running-neutre-black-anthracite-castlerock-un242a0n1-q11.html,Unknown,Scarpe da corsa su strada,black anthracite castlerock
185,Scarpini Sportivi Under Armour,UNDER ARMOUR,Scarpe da trail running - white,250.0,250.0,https://www.zalando.it/under-armour-scarpe-da-trail-running-white-un242a0pm-a11.html,Unknown,Scarpe da trail running,white
186,Scarpini Sportivi Under Armour,UNDER ARMOUR,Scarpe da camminata - white,100.0,100.0,https://www.zalando.it/under-armour-scarpe-running-neutre-white-un242a0n0-a11.html,Unknown,Scarpe da camminata,white
187,Scarpini Sportivi Under Armour,UNDER ARMOUR,Scarpe da trail running - white,250.0,250.0,https://www.zalando.it/under-armour-scarpe-da-trail-running-white-un242a0pm-a11.html,Unknown,Scarpe da trail running,white
188,Scarpini Sportivi Under Armour,UNDER ARMOUR,Scarpe da corsa su strada - morph green,95.97,160.0,https://www.zalando.it/under-armour-scarpe-running-neutre-morph-green-un242a0n1-m11.html,Unknown,Scarpe da corsa su strada,morph green
189,Scarpini Sportivi Under Armour,UNDER ARMOUR,Scarpe da corsa su strada - white distant gray halo gray,95.97,160.0,https://www.zalando.it/under-armour-scarpe-running-neutre-white-distant-gray-halo-gray-un242a0n1-a11.html,Unknown,Scarpe da corsa su strada,white distant gray halo gray
190,Scarpini Sportivi Under Armour,UNDER ARMOUR,Scarpe da corsa su strada - white,95.97,160.0,https://www.zalando.it/under-armour-scarpe-running-neutre-white-un242a0n1-a12.html,Unknown,Scarpe da corsa su strada,white
191,Scarpini Sportivi Under Armour,UNDER ARMOUR,Scarpe da allenamento - grn vert,48.75,48.75,https://www.zalando.it/under-armour-sneakers-basse-grn-vert-un211a00m-m11.html,Unknown,Scarpe da allenamento,grn vert
192,Scarpini Sportivi Under Armour,UNDER ARMOUR,Scarpe da camminata - black,100.0,100.0,https://www.zalando.it/under-armour-scarpe-running-neutre-black-un242a0n0-q11.html,Unknown,Scarpe da camminata,black
193,Scarpini Sportivi Under Armour,UNDER ARMOUR,Scarpe da corsa su strada - white distant gray halo gray,95.97,160.0,https://www.zalando.it/under-armour-scarpe-running-neutre-white-distant-gray-halo-gray-un242a0n1-a11.html,Unknown,Scarpe da corsa su strada,white distant gray halo gray
